source_id,name,language,cca,coverage,covered_area,url
1,3BL,en,US,global,world,https://www.3blmedia.com/
10,Algeria Press Service,en,DZ,global,world,http://www.aps.dz/
100,Action Aid,en,ZA,global,world,http://www.actionaid.org/
101,Thomson Reuters Foundation,en,GB,global,world,http://www.alertnet.org/
102,Center for Biological Diversity,en,US,global,world,http://www.biologicaldiversity.org/
103,Center for Economic and Social Rights,en,US,global,world,http://www.cesr.org/
104,Clean Clothes Campaign,en,NL,global,world,https://www.cleanclothes.org/
105,Earthrights International,en,US,global,world,http://www.earthrights.org/
106,BirdLife International,en,GB,global,world,http://www.birdlife.org/
107,Equal Employment Opportunity Commission,en,US,global,world,https://www1.eeoc.gov/
108,Fauna and Flora International,en,GB,global,world,http://www.fauna-flora.org/
109,International Labour Organisation,en,CH,global,world,http://www.ilo.org/
11,BBC,en,GB,global,world,http://www.bbc.co.uk/
110,International Rivers,en,US,global,world,http://www.irn.org/
111,BankTrack,en,NL,global,world,http://www.banktrack.org/
112,NGO Shipbreaking Platform,en,BE,global,world,http://www.shipbreakingplatform.org/
113,Shwe Gas movement,en,MM,global,world,http://www.shwe.org/
114,Southern Africa Resource Watch,en,ZA,national,south africa,http://www.sarwatch.org/
115,Survival International,en,GB,global,world,http://www.survival-international.org/
116,Tax Justice Network,en,GB,global,world,http://www.taxjustice.net/
117,Cadena Ser,es,ES,global,world,http://cadenaser.com/
118,United Nations Security Council,en,US,global,world,http://www.un.org/
119,ECA Watch,en,CA,global,world,http://www.eca-watch.org/
12,Bulgarian Telegraph Agency,en,BG,national,bulgaria,http://www.bta.bg/
120,The Verge,en,US,national,usa,http://www.theverge.com/
121,Ars Technica,en,US,global,world,http://www.arstechnica.com/
122,Polygon,en,US,global,world,http://www.polygon.com/
123,FiveThirtyEight,en,US,global,world,http://fivethirtyeight.com/
124,Focus Gaming News,en,US,global,world,http://focusgn.com/
125,The Register,en,GB,global,world,http://www.theregister.co.uk/
126,Ecouterre,en,US,global,world,http://www.ecouterre.com/
127,Ecotextile,en,NL,global,world,http://www.ecotextile.com/
128,Sourcing Journal,en,US,global,world,https://www.sourcingjournalonline.com/
129,VOX,en,US,national,usa,http://www.vox.com/
13,Buenos Aires Herald,en,AR,global,world,http://www.buenosairesherald.com/
130,The Drive,en,US,global,world,http://www.thedrive.com/
131,FiercePharma,en,US,global,world,http://www.fiercepharma.com/
132,FierceBiotech,en,US,global,world,http://www.fiercebiotech.com/
133,Airports World,en,GB,global,world,http://www.airport-world.com/
134,Airports International,en,US,global,world,http://www.airportsinternational.com/
135,Airport Watch,en,GB,global,world,http://www.airportwatch.org.uk/
136,Airport Business,en,GB,global,world,http://www.airport-business.com/
137,Airport Council International,en,BE,global,world,https://www.aci-europe.org/
138,ITBOB,en,US,global,world,http://www.itbestofbreed.com/
139,NPR,en,US,global,world,http://www.npr.org/
14,CBC,en,CA,global,world,http://www.cbc.ca/
140,NPR,en,US,global,world,https://medium.com/
141,El Pais,es,ES,global,world,http://economia.elpais.com/
142,El Cronista,es,MX,global,world,http://elcronista.mx/
143,Investing.com,es,ES,global,world,http://es.investing.com/
144,ACIR,es,MX,global,world,http://grupoacir.com.mx/
145,Sofia Globe,en,BG,national,bulgaria,http://www.sofiaglobe.com/
146,Offshore Energy Today,en,NL,global,world,http://www.offshoreenergytoday.com/
147,Offshore Engineer,en,US,global,world,http://www.oedigital.com/
148,Offshore Technology,en,GB,global,world,http://www.offshore-technology.com/
149,Natural Gas World,en,US,global,world,http://www.naturalgasworld.com/
15,CBS News,en,US,global,world,http://www.cbsnews.com/
150,bne Intellinews,en,US,global,world,http://www.intellinews.com/
151,Maritime Herald,en,BG,global,world,http://www.maritimeherald.com/
152,See News,en,BG,regional,eastern europe,https://www.seenews.com
153,Oil & Gas Journal,en,US,global,world,http://www.ogj.com/
154,USA Today,en,US,national,united states,http://www.usatoday.com/
155,Los Angeles Times,en,US,national,united states,http://www.latimes.com/
156,The Economist,en,GB,global,world,http://www.economist.com/
157,The Times of India,en,IN,global,world,http://timesofindia.indiatimes.com/
158,Chicago Tribune,en,US,national,united states,http://www.chicagotribune.com/
159,Houston Chronicle,en,US,national,united states,http://www.chron.com/
16,China Daily,en,CN,national,china,http://www.chinadaily.com.cn/
160,Daily Mail ,en,GB,national,united kingdom,http://www.dailymail.co.uk/
161,Live Mint,en,IN,global,world,http://www.livemint.com/
162,Nikkei Asia Review,en,JP,regional,asia,http://asia.nikkei.com/
163,The Asahi Shimbun,en,JP,regional,asia,http://www.asahi.com/ajw/
164,The Local,en,DE,national,germany,https://www.thelocal.de/
165,Deutsche Welle,en,DE,global,world,http://www.dw.com/
166,The Olive Press,en,ES,national,spain,http://www.theolivepress.es/
167,Euro Weekly,en,ES,regional,europe,http://www.euroweeklynews.com/
168,Techradar,en,GB,global,world,http://www.techradar.com/
169,Frontier Magazine,en,GB,global,world,http://www.frontiermagazine.co.uk/
17,Corriere Della Sera (en),en,IT,national,italy,http://www.corriere.it/
170,Breaking Travel News,en,GB,global,world,http://www.breakingtravelnews.com/
171,Anna Aero,en,GB,global,world,http://www.anna.aero/
172,International Airport Review,en,GB,global,world,http://www.internationalairportreview.com/
173,Aviation Week,en,US,global,world,http://aviationweek.com/
174,Aviation Pros,en,US,global,world,http://www.aviationpros.com/
175,Airport Technology,en,GB,global,world,http://www.airport-technology.com/
176,Travel Daily News,en,CY,global,world,http://www.traveldailynews.com/
177,MRO Network,en,US,global,world,http://mro-network.com
178,Aircargo News,en,GB,global,world,http://www.aircargonews.net/
179,Business Traveller,en,GB,global,world,https://www.businesstraveller.com/
18,CRN,en,US,global,world,http://www.crn.com/
180,Decentralized Energy,en,GB,global,world,http://www.decentralized-energy.com/
181,Rigzone,en,US,global,world,http://www.rigzone.com/
182,Energy Pedia,en,GB,global,world,http://www.energy-pedia.com/
183,Focus Online,de,DE,global,world,http://www.focus.de/
184,Airliners,de,DE,national,germany,http://www.airliners.de/
185,Bayerischer Rundfunk,de,DE,national,germany,http://www.br.de/
186,Merkur,de,DE,national,germany,http://www.merkur.de/
187,Augsbuger Allgemeine,de,DE,national,germany,http://www.augsburger-allgemeine.de/
188,TZ,de,DE,national,germany,http://www.tz.de/
189,Abendzeitung Muenchen,de,DE,national,germany,http://www.abendzeitung-muenchen.de/
19,CSR Newswire,en,US,global,world,http://www.csrwire.com/
190,Airportzentrale,de,DE,national,germany,http://www.airportzentrale.de/
191,Bayernkurier,de,DE,national,germany,https://www.bayernkurier.de/
192,Aero,de,DE,national,germany,http://www.aero.de/
193,Sueddeutsche Zeitung,de,DE,global,world,http://www.sueddeutsche.de/
194,Wirtschaftswoche,de,DE,global,world,http://www.wiwo.de/
195,IHS Airport 360 ,en,GB,global,world,http://www.ihsairport360.com/
196,Airport Revenue News,en,US,global,world,https://www.airportrevenuenews.com
197,La Nación Argentina,es,AR,global,world,http://www.lanacion.com.ar/
198,El Comercio Peru Mercados Feed,es,PE,global,world,http://elcomercio.pe/
199,Terra Peru,es,PE,global,world,https://www.terra.com.pe/
2,ABC News,en,US,global,world,http://abcnews.go.com/
20,CTV News,en,CA,global,world,http://www.ctvnews.ca/
200,El Pais Uruguay,es,UY,global,world,http://www.elpais.com.uy/
201,La REd 21,es,UY,global,world,http://www.lr21.com.uy/
202,5 dias,es,PY,global,world,http://www.5dias.com.py/
203,Fortune,en,US,global,world,http://fortune.com/
204,Peru 21,es,PE,global,world,http://peru21.pe/
205,TN.com,es,AR,global,world,http://tn.com.ar/
206,RPP,es,PE,global,world,http://rpp.pe/
207,Circulate News,en,US,global,world,http://circulatenews.org/
208,20 minutos,es,ES,global,world,http://www.20minutos.es/
209,ABC,es,ES,global,world,http://www.abc.es/
21,Eco-business,en,SG,global,world,http://www.eco-business.com/
210,Cinco D�_as,es,ES,national,spain,http://cincodias.com/
211,El Economista,es,ES,national,spain,http://www.eleconomista.es/
212,Expansi�_n,es,ES,global,world,http://www.expansion.com/
213,Huffington Post Espa̱a,es,ES,global,world,http://www.huffingtonpost.es/
214,La Raz�_n Espa̱a,es,ES,global,world,http://www.larazon.es/
215,La Jornada,es,MX,global,world,http://www.jornada.unam.mx/
216,Reforma,es,MX,global,world,http://www.reforma.com/
217,La Voz,es,AR,global,world,http://www.lavoz.com.ar/
218,Ambito,es,AR,global,world,http://www.ambito.com/
219,Clar�_n,es,AR,national,argentina,http://www.clarin.com/
22,Ethical Corporation,en,GB,global,world,http://www.ethicalcorp.com/
220,Urgente 24,es,AR,global,world,http://www.urgente24.com/
221,minutouno,es,AR,global,world,http://www.minutouno.com/
222,Perfil,es,AR,global,world,http://www.perfil.com/
223,El Espectador,es,CO,global,world,http://www.elespectador.com/
224,El Tiempo,es,CO,global,world,http://www.eltiempo.com/
225,Portafolio,es,CO,global,world,http://www.portafolio.co/
226,El Heraldo,es,CO,global,world,http://www.elheraldo.co/
227,El Universal,es,VE,global,world,http://www.eluniversal.com/
228,El Mundo Venezuela,es,VE,global,world,http://www.elmundo.com.ve/
229,�_ltimas Noticias,es,VE,global,world,http://www.ultimasnoticias.com.ve/
23,Forbes,en,US,global,world,http://www.forbes.com/
230,Gestion Peru Economia feed,es,PE,global,world,http://gestion.pe/
231,El Observador Uruguay,es,UY,global,world,http://www.elobservador.com.uy/
232,Agence France Presse,en,FR,global,world,https://www.afp.com/
233,supplymanagement,en,GB,global,world,http://www.cips.org/
234,Columbia Journalism Review,en,US,global,world,http://www.cjr.org/
235,Folha de S.Paolo (en),en,BR,national,brazil,http://www1.folha.uol.com.br/
236,Athens News Agency (en),en,GR,national,greece,http://www.amna.gr/
237,Human Rights Watch,en,US,global,world,https://www.hrw.org/
238,CIWM Journal,en,GB,global,world,http://www.ciwm-journal.co.uk/
239,Planning Resource,en,GB,global,world,http://www.planningresource.co.uk/
24,GreenBiz,en,US,global,world,https://www.greenbiz.com/
240,EE Times,en,US,global,world,http://www.eetimes.com/
241,Business Green,en,GB,global,world,http://www.businessgreen.com/
242,Renewable Energy from Waste,en,US,global,world,http://www.rewmag.com/
243,Asia One,en,SG,global,world,http://asiaone.com/
244,Above the Law,en,US,global,world,http://abovethelaw.com/
245,Open Source,en,US,global,world,https://opensource.com/
246,Bloomberg News,en,US,global,world,http://www.bloomberg.com/
247,business insider,en,US,global,world,http://www.businessinsider.com/
248,justmeans,en,US,global,world,http://www.justmeans.com/
249,National Post,en,CA,national,canada,http://www.nationalpost.com/
25,Greenpeace,en,NL,global,world,http://www.greenpeace.org/
250,Xinhua,en,CN,national,china,http://www.chinaview.cn/
251,The Norway Post,en,NO,national,norway,http://www.norwaypost.no/
252,El Confidencial,es,ES,global,world,http://www.elconfidencial.com/
253,La Vanguardia,es,ES,global,world,http://www.lavanguardia.com/
254,Libertad Digital,es,ES,global,world,http://www.libertaddigital.com/
255,El Financiero,es,MX,global,world,http://www.elfinanciero.com.mx/
256,El Universal,es,MX,global,world,http://eluniversal.com.mx/
257,Exc̩lsior,es,MX,national,mexico,http://www.excelsior.com.mx/
258,Mundo Ejecutivo,es,MX,global,world,http://mundoejecutivo.com.mx/
259,SDP noticias,es,MX,global,world,http://www.sdpnoticias.com/
26,Haaretz,en,IL,national,israel,http://www.haaretz.com/
260,El Cronista Comercial,es,AR,global,world,http://www.cronista.com/
261,Infobae,es,AR,global,world,http://www.infobae.com/
262,Página 12,es,AR,national,argentina,http://www.pagina12.com.ar/
263,La Razón Argentina,es,AR,global,world,http://larazon.com.ar/
264,iProfesional,es,AR,global,world,http://www.iprofesional.com/
265,El Universal,es,CO,global,world,http://www.eluniversal.com.co/
266,El Nuevo Siglo,es,CO,global,world,http://www.elnuevosiglo.com.co/
267,Banca y Negocios,es,VE,global,world,http://www.bancaynegocios.com/
268,Finanzas Digital,es,VE,global,world,http://www.finanzasdigital.com/
269,Tal Cual Digital,es,VE,global,world,http://www.talcualdigital.com/
27,Helsinki Times,en,FI,national,finland,http://www.helsinkitimes.fi/
270,Semana Economica,es,PE,global,world,http://semanaeconomica.com/
271,Diario del Pueblo,es,UY,global,world,http://www.diarioelpueblo.com.uy/
272,recode,en,US,global,world,http://recode.net/
273,Newsweek,en,US,global,world,http://www.newsweek.com/
274,The News,en,MX,global,world,http://thenews.mx/
275,The Japan News,en,JP,national,japan,http://the-japan-news.com/
276,Tehran Times,en,IR,global,world,http://www.tehrantimes.com/
277,Globe News Wire,en,US,global,world,http://globenewswire.com/
278,El Pa�_s,es,ES,global,world,http://elpais.com/
279,El Diario,es,ES,global,world,http://www.eldiario.es/
28,The Huffington Post,en,US,global,world,http://www.huffingtonpost.com/
280,Proceso,es,MX,global,world,http://www.proceso.com.mx/
281,SinEmbargo MX,es,MX,global,world,http://www.sinembargo.mx/
282,Vanguardia,es,CO,global,world,http://www.vanguardia.com/
283,El Nacional,es,VE,global,world,http://www.el-nacional.com/
284,Producto,es,VE,global,world,http://www.producto.com.ve/
285,La Industria,es,PE,global,world,http://laindustria.pe/
286,South China Morning Star,en,,global,world,http://www.scmp.com/
287,180,es,UY,global,world,http://180.com.uy/
288,El Economista M̩xico,es,MX,global,world,http://eleconomista.com.mx/
289,Terra,es,CO,global,world,https://www.terra.com.co/
29,Hurriet Daily News,en,TR,national,turkey,http://www.hurriyetdailynews.com/
290,Food Manufacture,en,GB,national,uk,http://www.foodmanufacture.co.uk/
291,Vice Motherboard,en,GB,global,world,http://motherboard.vice.com/
292,Intereconomia,es,ES,global,world,http://intereconomia.com/
293,Noticias Bancarias,es,ES,global,world,http://noticiasbancarias.com/
294,Canal Once,es,MX,global,world,http://oncetv-ipn.net/
295,Palco 23,es,ES,global,world,http://palco23.com/
296,Grupo Radio Centro,es,MX,global,world,http://radiocentro.com/
297,Radio Trece,es,MX,global,world,http://radiotrece.com.mx/
298,RED FM,es,MX,global,world,http://redfm.mx/
299,Sabemos Digital,es,ES,global,world,http://sabemos.es/
3,All Africa,en,US,global,world,http://www.allafrica.com/
30,Intl Business Times India,en,IN,global,world,http://www.ibtimes.co.in/
300,ABC Sevilla,es,ES,global,world,http://sevilla.abc.es/
301,Siempre 889,es,MX,global,world,http://siempre889.mx/
302,Valencia Plaza,es,ES,global,world,http://valenciaplaza.com/
303,W Radio,es,MX,global,world,http://wradio.com.mx/
304,20 Minutos Mexico,es,MX,global,world,http://www.20minutos.com.mx/
305,Antena 3,es,ES,global,world,http://www.antena3.com/
306,Bolsamania,es,ES,global,world,http://www.bolsamania.com/
307,Canal 22,es,MX,global,world,http://www.canal22.org.mx/
308,Canal Sur,es,ES,global,world,http://www.canalsur.es/
309,Canal Sur Radio,es,ES,global,world,http://www.canalsur.es/radio-555.html
31,The Independent,en,GB,global,world,http://www.independent.co.uk/
310,Capital FM,es,MX,global,world,http://www.capitalfm.mx/morelia/
311,Catalunya Radio,es,ES,global,world,http://www.ccma.cat/catradio/
312,TV3,es,ES,global,world,http://www.ccma.cat/tv3/
313,CLM24,es,ES,global,world,http://www.clm24.es/
314,Cadena Cope,es,ES,global,world,http://www.cope.es/
315,Radio Galega,es,ES,global,world,http://www.crtvg.es/rg
316,Televison de Galicia,es,ES,global,world,http://www.crtvg.es/tvg
317,Cuatro,es,ES,global,world,http://www.cuatro.com/
318,El Diario Vasco,es,ES,global,world,http://www.diariovasco.com/
319,E-Consulta,es,MX,global,world,http://www.e-consulta.com/
32,The Japan Times,en,JP,global,world,http://www.japantimes.co.jp/
320,Economia Hoy,es,MX,global,world,http://www.economiahoy.mx/
321,EFE,es,ES,global,world,http://www.efe.com/
322,EITB,es,ES,national,spain,http://www.eitb.eus/
323,Radio Euskadi,es,ES,national,spain,http://www.eitb.eus/es/radio/
324,El Correo,es,ES,global,world,http://www.elcorreo.com/
325,El Espanol,es,ES,global,world,http://www.elespanol.com/
326,El Financiero Bloomberg,es,MX,global,world,http://www.elfinanciero.com.mx/tv
327,El Mundo,es,ES,global,world,http://www.elmundo.es/
328,El Universal Mexico,es,MX,global,world,http://www.eluniversal.com.mx/
329,Estrategias de inversion,es,ES,global,world,http://www.estrategiasdeinversion.com/
33,Japan Today,en,JP,national,japan,http://www.japantoday.com/
330,Faro de Vigo,es,ES,national,spain,http://www.farodevigo.es/
331,Finanzas,es,ES,national,spain,http://www.finanzas.com/
332,Hispanidad,es,ES,national,spain,http://www.hispanidad.com/
333,Imagen Telecomunicaciones,es,MX,national,mexico,http://www.imagen.com.mx/
334,Grupo Imagen Radio,es,MX,national,mexico,http://www.imagenradio.com.mx/
335,90.5 Radio,es,MX,national,mexico,http://www.imagenradio.com.mx/transmision-en-vivo
336,Instituto Mexicano de la Radio,es,MX,national,mexico,http://www.imer.mx/
337,La Jornada,es,MX,global,world,http://www.jornada.com.mx/
338,La Informacion,es,ES,global,world,http://www.lainformacion.com/
339,La Opinion,es,ES,national,spain,http://www.laopinion.es/
34,The Daily Nation,en,KE,global,world,http://www.nation.co.ke/
340,La Sexta,es,ES,national,spain,http://www.lasexta.com/
341,Las Provincias,es,ES,global,world,http://www.lasprovincias.es/
342,La voz de galicia,es,ES,national,spain,http://www.lavozdegalicia.es/
343,Madridiario,es,ES,national,spain,http://www.madridiario.es/
344,Milenio,es,MX,global,world,http://www.milenio.com/
345,MVS Radio,es,MX,national,mexico,http://www.mvsradio.com/
346,NRM Comunicaciones,es,MX,national,mexico,http://www.nrm.com.mx/
347,ABC Radio,es,MX,national,mexico,http://www.oem.com.mx/abcradio/
348,Onda Cero,es,ES,national,spain,http://www.ondacero.es/
349,Proyecto 40,es,MX,national,mexico,http://www.proyecto40.com/
35,news24,en,ZA,global,world,http://www.news24.com/
350,Radio Formula,es,MX,national,mexico,http://www.radioformula.com.mx/
351,Reporte 98.5,es,MX,national,mexico,http://www.reporte.com.mx/
352,RTVE,es,ES,national,spain,http://www.rtve.es/
353,Superdeporte,es,ES,national,spain,http://www.superdeporte.es/
354,Tele Cinco,es,ES,national,spain,http://www.telecinco.es/
355,Tele Madrid,es,ES,local,spain,http://www.telemadrid.es/
356,Televisa,es,ES,national,spain,http://www.televisa.com/
357,TV Azteca,es,MX,national,mexico,http://www.tvazteca.com/
358,Vozpopuli,es,ES,national,spain,http://www.vozpopuli.com/
359,BBVA Open 4U,es,ES,global,world,https://bbvaopen4u.com/
36,The New York Times,en,US,national,usa,http://www.nytimes.com/
360,Alerta Chiapas,es,MX,national,mexico,https://www.alertachiapas.com
361,Capital Madrid,es,ES,local,spain,https://www.capitalmadrid.com
362,Reason.com,en,US,national,united states,http://reason.com/
363,America Magazine,en,US,national,united states,http://www.americamagazine.org/
364,Elektec,en,US,national,united states,https://electrek.co
365,Colombia.com,es,CO,national,colombia,http://www.colombia.com/
366,Dinero,es,CO,global,world,http://www.dinero.com/
367,El Colombiano,es,CO,global,world,http://www.elcolombiano.com/
368,El Pais Colombia,es,CO,national,colombia,http://www.elpais.com.co/
369,Terra Colombia,es,CO,national,colombia,https://terra.com.co/
37,New Zealand Herald,en,NZ,national,new zealand,http://www.nzherald.co.nz/
370,Cable Noticias,es,CO,global,world,http://www.cablenoticias.tv/
371,Canal tr3ce,es,CO,national,colombia,http://www.canaltr3ce.co/
372,Caracol,es,CO,national,colombia,http://www.caracoltv.com/
373,El Tiempo Television,es,CO,global,world,http://www.eltiempo.com/eltiempo-television
374,Canal Tro,es,CO,national,colombia,http://www.canaltro.com/
375,Canal RCN,es,CO,national,colombia,http://www.canalrcn.com/
376,Canal Uno,es,CO,national,colombia,http://www.canaluno.com.co/
377,City TV,es,CO,national,colombia,http://www.citytv.com.co/
378,El Dia,es,CO,national,colombia,http://www.eldia.tv/
379,E! Entertainment,es,CO,national,colombia,http://la.eonline.com/andes/
38,Pravda,en,RU,global,world,http://www.pravdareport.com/
380,NTN24,es,CO,national,colombia,http://www.ntn24.com/
381,Teleamiga,es,CO,national,colombia,http://www.teleamiga.com/
382,Tele Antioquia,es,CO,national,colombia,http://www.teleantioquia.co/
383,Telecafe,es,CO,national,colombia,http://telecafe.gov.co/
384,Telecaribe,es,CO,national,colombia,http://www.telecaribe.co/
385,Telepacifico,es,CO,national,colombia,http://www.telepacifico.com/
386,Antena 2,es,CO,national,colombia,http://www.antena2.com.co/
387,Blu Radio,es,CO,national,colombia,http://www.bluradio.com/
388,Caracol Radio,es,CO,national,colombia,http://caracol.com.co/
389,Colmundo,es,CO,national,colombia,http://www.colmundoradio.com.co/
39,Reuters,en,GB,global,world,http://www.reuters.com/
390,La Carinosa,es,CO,national,colombia,http://www.lacarinosa.com/
391,LA FM,es,CO,national,colombia,http://www.lafm.com.co/
392,W Radio Colombia,es,CO,national,colombia,http://www.wradio.com.co/
393,Melodia Radio,es,CO,national,colombia,http://www.cadenamelodia.com/
394,RCN Radio Clasica,es,CO,national,colombia,http://www.rcnclasica.com/
395,Radio Santa Fe,es,CO,national,colombia,http://www.radiosantafe.com/
396,La Superestacion,es,CO,national,colombia,http://www.cadenasuper.com/
397,Todelar Radio,es,CO,national,colombia,http://www.todelar.com/
398,Extra,es,CO,national,colombia,http://boyaca.extra.com.co/
399,Pagina 12,es,AR,global,world,https://www.pagina12.com.ar/
4,CNN,en,US,global,world,http://cnn.com/
40,Salon,en,US,global,world,http://www.salon.com/
400,Ole,es,AR,national,argentina,http://www.ole.com.ar/
401,La Razon Argentina,es,AR,global,world,http://www.larazon.com.ar/
402,Diario 26,es,AR,national,argentina,http://www.diario26.com/
403,America TV,es,AR,national,argentina,http://www.americatv.com.ar/
404,c5n,es,AR,national,argentina,http://www.c5n.com/
405,TV Publica,es,AR,national,argentina,http://www.tvpublica.com.ar/
406,Canal 9,es,AR,national,argentina,http://www.canal9.com.ar/
407,El Trece,es,AR,national,argentina,http://www.eltrecetv.com.ar/
408,Cronica TV,es,AR,national,argentina,http://www.cronica.com.ar/
409,Telefe,es,AR,national,argentina,http://telefe.com/
41,Shanghai Daily,en,CN,national,china,http://www.shanghaidaily.com/
410,Blue FM,es,AR,national,argentina,http://bluefm.com.ar/home/
411,Radio Continental,es,AR,national,argentina,http://www.continental.com.ar/
412,Radio del Plata,es,AR,national,argentina,http://www.amdelplata.com/
413,Frecuencia Zero,es,AR,national,argentina,http://www.frecuenciazero.com.ar/
414,La Red,es,AR,national,argentina,http://www.lared.am/
415,Metro 951,es,AR,national,argentina,http://www.metro951.com/home/
416,Mitre,es,AR,national,argentina,http://radiomitre.cienradios.com/
417,Radio Elmundo,es,AR,national,argentina,http://www.elmundo1070.com/
418,RQP,es,AR,national,argentina,http://www.rqp.fm/
419,Los Andres,es,AR,national,argentina,http://www.losandes.com.ar/
42,Sydney Morning Herald,en,AU,national,australia,http://www.smh.com.au/
420,Informate Salta,es,AR,national,argentina,http://informatesalta.com.ar/
421,MDZ,es,AR,national,argentina,http://www.mdzol.com/
422,Cadena 3,es,AR,national,argentina,http://www.cadena3.com/
423,Telam,es,AR,global,world,http://www.telam.com.ar/
424,La Gaceta,es,AR,global,world,http://www.lagaceta.com.ar/
425,Diario Democracia,es,AR,national,argentina,http://www.diariodemocracia.com/
426,Dia a dia,es,AR,national,argentina,http://www.diaadia.com.ar/
427,AVN,es,VE,global,world,http://www.avn.info.ve/
428,Cavespa,es,VE,national,venezuela,http://www.cavespa.com/
429,De Inmediato,es,VE,national,venezuela,http://deinmediato.com.ve/
43,Der Spiegel (en),en,DE,global,world,http://www.spiegel.de/
430,Noticias24,es,VE,global,world,http://www.noticias24.com/
431,Publicidad y Mercadeo,es,VE,national,venezuela,https://www.publicidadymercadeo.net/
432,VTV,es,VE,global,world,http://vtv.gob.ve/
433,Globovision,es,VE,global,world,http://globovision.com/
434,Televen,es,VE,national,venezuela,http://www.televen.com/
435,Venevision,es,VE,national,venezuela,http://www.venevision.com/
436,Actualidad Venezuela,es,VE,national,venezuela,http://actualidadvenezuela.org/
437,Circuitos Radio Venezuela,es,VE,national,venezuela,http://www.radiovenezuela.com.ve/beta/index.html
438,Exitos FM,es,VE,national,venezuela,http://exitosfm.com/
439,La Nueva Magica FM,es,VE,national,venezuela,http://magicafm.com/
44,The Telegraph,en,GB,global,world,http://www.telegraph.co.uk/
440,La Romantica FM,es,VE,national,venezuela,http://laromantica.fm/
441,Red Musik FM,es,VE,national,venezuela,http://www.redmusikfm.com/
442,Onda FM,es,VE,national,venezuela,http://ondalasuperestacion.com/
443,Planeta FM,es,VE,national,venezuela,http://www.planeta105fm.com/
444,Play FM,es,VE,national,venezuela,http://playfmnetwork.com/
445,Radio Capital FM,es,VE,national,venezuela,http://capital903fm.com/
446,Ven FM,es,VE,national,venezuela,http://www.venfm.com/advantafm/
447,Radion Mundial,es,VE,national,venezuela,http://www.radiomundial.com.ve/
448,Dinero,es,VE,national,venezuela,http://www.dinero.com.ve/
449,The Daily Progress,en,US,national,united states,http://www.dailyprogress.com/
45,The Australian,en,AU,global,world,http://www.theaustralian.com.au/
450,Star-Telegram,en,US,global,world,http://www.star-telegram.com/
451,The Korean Times,en,KR,global,world,https://www.koreatimes.co.kr
452,Orlando Sentinel,en,US,global,world,http://www.orlandosentinel.com/
453,SpaceCoast Daily,en,US,national,united states,http://spacecoastdaily.com/
454,Ottawa Citizen,en,CA,global,world,http://ottawacitizen.com/
455,Sputnik News,en,US,global,world,https://sputniknews.com/
456,The National,en,AE,global,world,http://www.thenational.ae/
457,Defense News,en,US,national,united states,http://www.defensenews.com/
458,Military Times,en,US,national,united states,https://www.militarytimes.com/
459,Air Force Times,en,US,national,united states,https://www.airforcetimes.com/
46,The East African,en,KE,global,world,http://www.theeastafrican.co.ke/
460,Newsmax,en,US,global,world,http://www.newsmax.com/
461,ThinkProgress,en,US,national,united states,https://thinkprogress.org/
462,The Atlantic,en,US,global,world,https://www.theatlantic.com/
463,San Francisco Chronicle,en,US,global,world,http://www.sfchronicle.com/
464,Greentech Media,en,US,global,world,https://www.greentechmedia.com
465,Christian Headlines,en,US,global,world,http://www.christianheadlines.com/rss/
466,Christian Post,en,US,global,world,http://www.christianpost.com/
467,Christian Today,en,US,global,world,http://www.christiantoday.com/
468,One News Now,en,US,national,world,http://www.onenewsnow.com/
469,Candy Industry,en,US,global,world,http://www.candyindustry.com/
47,The Ecologist,en,GB,global,world,http://www.theecologist.org/
470,CauseBecause,en,IN,national,india,http://causebecause.com/
471,Food & Beverages,en,AU,global,world,https://foodmag.com.au/
472,Environmental Leader,en,US,global,world,http://www.environmentalleader.com/
473,NY Daily News,en,US,global,world,http://www.nydailynews.com/
474,Whitman Wire,en,US,national,united states,http://whitmanwire.com/
475,Times Record,en,US,global,world,http://www.swtimes.com/
476,Packaging World,en,US,global,world,http://www.packworld.com/
477,Arkansas News,en,US,national,united states,http://www.arkansasnews.com/
478,Bakery and Snacks,en ,US,global,world,http://www.bakeryandsnacks.com/
479,Food Processing,en,US,global,world,http://www.foodprocessing.com/
48,The Globe and Mail,en,CA,global,world,http://www.theglobeandmail.com/
480,Food Safety Magazine,en,US,global,world,http://www.foodsafetymagazine.com/
481,Lincoln Journal Star,en,US,national,united states,http://journalstar.com/
482,Packaging Digest,en,US,national,united states,http://www.packagingdigest.com/
483,Good Fruit Grower,en,US,global,world,http://www.goodfruit.com/
484,Care2,en,US,global,world,http://www.care2.com/
485,Politico,en,US,national,united states,http://www.politico.com/
486,Confectionery News,en,US,global,world,http://www.confectionerynews.com/
487,Quality Assurance & Food Safety,en,US,global,world,http://www.qualityassurancemag.com/
488,The Mic,en,US,global,world,https://mic.com/
489,Rubber News,en,US,global,world,http://www.rubbernews.com/
49,Hindu Business Line,en,IN,national,india,http://www.thehindubusinessline.com/
490,Plastic News,en,US,global,world,http://www.plasticsnews.com/
491,Pension & Investment,en,US,national,united states,http://www.pionline.com/
492,TIrebusiness,en,US,global,world,http://www.tirebusiness.com/
493,Automotive News,en,US,global,world,http://www.autonews.com/
494,Smithsonian.com,en,US,global,world,http://www.smithsonianmag.com/
495,The Northbay Business Journal,en,US,national,united states,http://www.northbaybusinessjournal.com/
496,Mining Review Africa,en,ZA,global,world,https://www.miningreview.com/
497,EWeek,en,US,global,world,http://www.eweek.com/
498,Bangkok Post,en,TH,global,world,http://www.bangkokpost.com/
499,Slate,en,US,global,united states,http://www.slate.com/
5,Nova Gazeta,en,RU,national,russia,http://en.novayagazeta.ru/
50,The Local SE,en,SE,global,world,https://www.thelocal.se/
500,Livescience,en,US,global,world,http://www.livescience.com/
501,The Daily Beast,en,US,global,world,http://www.thedailybeast.com/
502,The Hill,en,US,global,world,http://thehill.com/
503,Newsy,en,US,global,world,http://www.newsy.com/
504,CNET,en,US,global,world,https://www.cnet.com/
505,Space.com,en,US,global,world,http://www.space.com/
506,The Philadelphia Citizen,en,US,national,united states,http://thephiladelphiacitizen.org/
507,The Denver Post,en,US,global,world,http://www.denverpost.com/
508,The Seattle Times,en,US,national,united states,http://www.seattletimes.com/
509,Pro Publica,en,US,global,world,https://www.propublica.org/
51,The Moscow Times,en,RU,national,russia,http://www.themoscowtimes.com/
510,Newsday,en,US,global,world,http://www.newsday.com/
511,UPI,en,US,global,world,http://www.upi.com/
512,Raw Story,en,US,national,united states,http://www.rawstory.com/
513,Consumerist,en,US,national,united states,https://consumerist.com/
514,Roll Call,en,US,national,united states,http://www.rollcall.com/
515,The Commercial Appeal,en,US,national,united states,http://www.commercialappeal.com/
516,South China Morning Post,en,CH,global,world,http://www.scmp.com/
517,Information Week,en,US,national,united states,http://www.informationweek.com/
518,Herald Sun,en,AU,global,world,http://www.heraldsun.com.au/
519,Deseret News,en,US,global,world,http://www.deseretnews.com/
52,The HK Standard,en,HK,national,hongkong,http://www.thestandard.com.hk/
520,Russia Today (RT),en,RU,global,world,https://www.rt.com/
521,The Chosunilbo,en,KR,global,world,http://english.chosun.com/
522,Hindustan Times,en,IN,global,world,http://www.hindustantimes.com/
523,Dutch News,en,NL,national,netherlands,http://www.dutchnews.nl/
524,Kyodo News,en,JP,national,japan,http://english.kyodonews.jp/
525,The West Australian ,en,AU,global,world,https://au.news.yahoo.com/thewest/
526,The Center for Public Integrity,en,US,national,united states,https://www.publicintegrity.org/
527,Crain's New York Business,en,US,national,united states,http://www.crainsnewyork.com/
528,The Star (Malaysia),en,MY,global,world,http://www.thestar.com.my/
529,IT Wire ,en,US,global,world,http://www.itwire.com/
53,TheStreet,en,US,global,world,http://www.thestreet.com/
530,WNYC,en,US,national,united states,http://www.wnyc.org/
531,El Pais,es,ES,global,world,http://www.elpais.com/
532,El Cronista,es,MX,global,world,http://elcronista.com.mx/
533,Times Colonist,en,CA,global,world,http://www.timescolonist.com/
534,Quanta Magazine,en,US,global,world,https://www.quantamagazine.org
535,Al Arabia,en,AE,global,world,https://english.alarabiya.net/
536,Pakistan Today,en,PK,global,world,http://www.pakistantoday.com.pk/
537,The Lawyer,en,GB,global,world,https://www.thelawyer.com/
538,The Daily Herald,en,US,national,united states,http://www.columbiadailyherald.com/
539,UK Market News,en,GB,national,united kingdom,http://www.ftsenews.co.uk/
54,Treehugger,en,GE,global,world,http://www.treehugger.com/
540,WATE,en,US,national,united states,http://wate.com/
541,WA Today,en,AU,global,world,http://www.watoday.com.au/
542,Tech News World,en,US,global,world,http://www.technewsworld.com/
543,The Huffington Post Australia,en,AU,global,world,http://www.huffingtonpost.com.au/
544,Euronews,en,FR,global,world,http://www.euronews.com/
545,GGR Asia,en,MO,regional,asia,https://www.ggrasia.com
546,Science,en,US,global,world,http://www.sciencemag.org/
547,Calgary Sun,en,CA,global,world,http://www.calgarysun.com/
548,Metro Weekly,en,US,national,united states,http://www.metroweekly.com/
549,Gulf News,en,AE,global,world,http://gulfnews.com/
55,Triple Pundit,en,US,global,world,http://www.triplepundit.com/
550,Boston Curbed,en,US,national,world,http://boston.curbed.com/
551,The Daily Record,en,US,national,united states,http://thedailyrecord.com/
552,Australian Times,en,GB,national,australia,http://www.australiantimes.co.uk/
553,Asharq Al-Awsat,en,GB,global,world,http://english.aawsat.com/
554,SiliconValley.com,en,US,national,united states,http://www.siliconvalley.com/
555,The Malibu Times,en,US,national,united states,http://www.malibutimes.com/
556,Investing.com,en,US,global,world,http://investing.com/
557,Minuto30,es,CO,global,world,http://www.minuto30.com/
558,MENA FN,en,JO,global,world,http://menafn.com/
559,Daily Monitor,en,UG,national,uganda,http://www.monitor.co.ug/
56,Wall Street Journal,en,US,global,world,http://www.wsj.com/
560,The Herald,en,ZW,national,zimbabwe,http://www.herald.co.zw/
561,New Zimbabwe,en,ZW,national,zimbabwe,http://www.newzimbabwe.com/
562,New Era,en,,national,namibia,https://www.newera.com.na/
563,Plus55,en,BR,national,brasil,http://plus55.com/
564,The Citizen,en,TZ,national,tanzania,http://www.thecitizen.co.tz/
565,The Star (KE),en,KE,national,kenya,http://www.the-star.co.ke/
566,EAStandard,en,KE,national,kenya,http://eastandard.net/
567,Africa Science News,en,KE,global,world,http://africasciencenews.org/
568,The National,en,NG,national,nigeria,http://thenationonlineng.net/
569,This Day,en,NG,national,nigeria,http://www.thisdaylive.com/
57,ZDNet,en,US,global,world,http://www.zdnet.com/
570,PM News NIgeria,en,NG,national,nigeria,http://www.pmnewsnigeria.com/
571,Point Blank News,en,NG,national,nigeria,http://pointblanknews.com/pbn/
572,Premium Times ,en,NG,national,nigeria,http://www.premiumtimesng.com/
573,African Spotlight,en,NG,national,nigeria,http://africanspotlight.com/
574,Business Day Online,en,NG,national,nigeria,http://www.businessdayonline.com/
575,Independent Nigeria,en,NG,national,nigeria,http://independentnig.com/
576,Desert Herald,en,NG,national,nigeria,http://desertherald.com/
577,Economic Confidential,en,NG,national,nigeria,http://economicconfidential.com/
578,The Copenhagen Post,en,DK,national,denmark,http://cphpost.dk/
579,The Swedish Wire,en,SE,national,sweden,http://www.swedishwire.com/
58,Yle News,en,FI,national,finland,http://yle.fi/
580,The Nordic Page,en,NO,national,norway,http://www.tnp.no/
581,Norway Today,en,NO,national,norway,http://norwaytoday.info/
582,The Foreigner Norway,en,NO,national,norway,http://theforeigner.no/
583,Aftenbladet,en,NO,global,world,http://www.aftenbladet.no/
584,Second Nexus,en,US,global,world,http://secondnexus.com/
585,Newstalk,en,NZ,national,new zealand,http://www.newstalkzb.co.nz/
586,Business Daily Africa,en,KE,regional,africa,http://www.businessdailyafrica.com/
587,A1 Plus,en,AM,national,armenia,http://en.a1plus.am
588,IFEX,en,TN,national,tunesia,http://www.ifex.org/
589,Civil,en,GE,national,georgia,http://www.civil.ge/eng/
59,Anadolu Agency,en,TR,global,world,https://www.aa.com.tr/
590,Army Technology,en,US,national,united states,http://www.army-technology.com/
591,Eurasianet,en,US,regional,EMEA,http://www.eurasianet.org/
592,Egypt Independent,en,EG,global,world,http://www.egyptindependent.com/
593,Art Matters,en,KE,regional,africa,http://artmatters.info/
594,Privacy International,en,GB,global,world,https://www.privacyinternational.org/
595,National News Bureau of Thailand,en,TH,national,thailand,http://thainews.prd.go.th/
596,Clacton and Frition Gazette,en,GB,national,united kingdom,http://www.clactonandfrintongazette.co.uk/
597,Kazakh TV,en,KZ,national,kazahkstan,http://kazakh-tv.kz/en/mainpage/index
598,Georgia and World,en,GE,global,world,http://geworld.net/NEW/en/
599,Panorama,en,AM,national,armenia,http://www.panorama.am/en/
6,Trends News Agency,en,AZ,global,world,http://en.trend.az/
60,The Guardian,en,GB,global,world,https://www.theguardian.com/
600,Belarus Today,en,BY,national,belarus,http://belarustoday.info/
601,Belarus News,en,BY,national,belarus,http://eng.belta.by/
602,Interfax Ukraine,en,UA,national,ukraine,http://en.interfax.com.ua/
603,Radio Free Europe,en,CZ,national,czech republic,http://www.rferl.org/
604,The Irrawaddy,en,TH,national,thailand,http://www.irrawaddy.com/
605,Arm Info,en,AM,national,armenia,http://www.arminfo.info/
606,Focus Taiwan,en,TW,national,taiwan,http://focustaiwan.tw/
607,Cafe Babel,en,GB,global,world,http://www.cafebabel.co.uk/
608,Internews,en,US,regional,africa,http://www.internews.org/
609,Romania Press,en,RO,national,romania,http://www.romaniapress.com/
61,The Washinton Post,en,US,global,world,https://www.washingtonpost.com/
610,Euroactiv,en,BE,regional,europe,http://www.euractiv.com/
611,JOC,en,US,global,world,http://www.joc.com/
612,Tamilnet,en,LK,national,sri lanka,http://www.tamilnet.com/
613,The Irish World,en,IE,national,ireland,http://www.theirishworld.com/
614,La Gazetta del Mezzogiorno,en,IT,global,world,http://www.lagazzettadelmezzogiorno.it/
615,Middle East Online,en,GB,regional,EMEA,http://www.middle-east-online.com/
616,ERR News,en,EE,global,world,http://news.err.ee/
617,Western Telegraph,en,GB,national,united kingdom,http://www.westerntelegraph.co.uk/
618,The Reykjavik Grapevine,en,IS,national,iceland,http://grapevine.is/
619,The Visitor,en,GB,national,united kingdom,http://www.thevisitor.co.uk/
62,Seeking Alpha,en,US,global,world,http://seekingalpha.com/
620,The Argus,en,GB,national,united kingdom,http://www.theargus.co.uk/
621,CPI Financial,en,AE,global,world,http://www.cpifinancial.net/
622,The Palestinian Information Center,en,PS,national,palestine,https://english.palinfo.com/
623,TASS,en,RU,global,world,http://tass.com/
624,Centre for Aviation,en,AU,global,world,http://centreforaviation.com/
625,Public Radio International,en,US,global,world,http://www.pri.org/
626,Daily Record,en,GB,global,world,http://www.dailyrecord.co.uk/
627,Ya Libnan,en,LB,global,world,http://yalibnan.com/
628,FriedlNews,en,AT,global,world,http://www.friedlnews.com/
629,UN Dispatch,en,US,global,world,http://www.undispatch.com/
63,Scientific American,en,US,global,world,https://www.scientificamerican.com/
630,Hot News,en,RO,national,romania,http://english.hotnews.ro/
631,Cyprus Mail,en,CY,global,world,http://cyprus-mail.com/
632,Farming Life,en,GB,national,united kingdom,http://www.farminglife.com/
633,Washington Examiner,en,US,national,united states,http://www.washingtonexaminer.com/
634,The Nation,en,US,global,world,https://www.thenation.com/
635,News Letter ,en,GB,national,united kingdom,http://www.newsletter.co.uk/
636,Homeland Security News Wire,en,US,national,united states,http://www.homelandsecuritynewswire.com/
637,In Cyprus,en,CY,global,world,http://in-cyprus.com/
638,Money Week,en,GB,global,world,http://moneyweek.com/
639,Jakarta Globe,en,ID,global,world,http://jakartaglobe.id/
64,Canal 52,es,MX,global,world,http://52mx.tv/
640,The Slovak Spectator,en,SK,global,world,http://spectator.sme.sk/
641,Associated Press of Pakistan,en,PK,global,world,http://www.app.com.pk/
642,Kuwait News Agency,en,KW,global,world,http://www.kuna.net.kw/
643,Pacific Island Report,en,US,national,united states,http://www.pireport.org/
644,Famagusta Gazette,en,CY,global,world,http://famagusta-gazette.com/
645,Tripoli Post,en,LY,national,libya,http://www.tripolipost.com/
646,Kuam News,en,GU,national,guam,http://www.kuam.com/
647,Luxemburger Wort,en,LU,global,world,http://www.wort.lu/en
648,Tech Crunch,en,US,global,world,https://techcrunch.com/
649,Planet Tonga,en,TO,national,tonga,http://www.planet-tonga.com/
65,China Labor Watch,en,CN,national,china,http://www.chinalaborwatch.org/
650,Phantis,en,GR,global,world,http://www.phantis.com/
651,ARKA,en,AM,global,world,http://arka.am/en/
652,The Malta Independent,en,MT,global,world,http://www.independent.com.mt/
653,Strabroek News,en,GY,national,guyana,http://www.stabroeknews.com/
654,972 Magazine ,en,IL,national,israel,https://972mag.com/
655,The Montserrat Reporter,en,MS,national,montserrat,https://themontserratreporter.com/
656,Ambergris Today,en,BZ,national,belize,http://www.ambergristoday.com/
657,Slingo Weekender,en,IE,national,ireland,http://sligoweekender.ie/
658,Caribarena,en,AG,national,antigua,http://www.caribantigua.com/
659,Zodiak Malawi,en,MW,national,malawi,http://zodiakmalawi.com/
66,Business of Fashion,en,US,global,world,https://www.businessoffashion.com/
660,Trade Arabia,en,BH,global,world,http://www.tradearabia.com/
661,KIMT,en,US,national,united states,http://kimt.com/
662,The Age,en,AU,global,world,http://www.theage.com.au/
663,Daily Maverick,en,ZA,global,world,https://www.dailymaverick.co.za/
664,The Himalayan,en,NP,global,world,http://thehimalayantimes.com/
665,TriState Update,en,US,national,united states,http://www.tristateupdate.com/
666,Pakistan Tribune,en,PK,global,world,http://www.pakistantribune.com.pk/
667,Zambia Daily Nation,en,ZM,national,zambia,https://zambiadailynation.com/
668,The Costa Rica News,en,CR,national,costa rica,http://thecostaricanews.com/
669,IAM Magazine,en,CA,global,world,http://www.iam-media.com/
67,Brand Channel,en,US,global,world,http://www.brandchannel.com/
670,Insider Zim,en,ZW,national,zimbabwe,http://www.insiderzim.com/
671,Maldives Independent,en,MV,national,maldives,http://maldivesindependent.com/
672,Boston.com,en,US,national,united states,http://www.boston.com/
673,Asbarez,en,AM,national,armenia,http://asbarez.com/
674,Chester Standard,en,GB,national,united kingdom,http://www.chesterstandard.co.uk/
675,The Meir Amit Intelligence and Terrorism Information Center,en,IL,global,world,http://www.terrorism-info.org.il/
676,Metro Eireann,en,IE,global,world,http://metroeireann.com/
677,Unian ,en,UA,national,ukraine,http://www.unian.info/
678,HTS St Lucia,en,LC,national,saint lucia,http://htsstlucia.org/
679,Clare FM,en,IE,national,ireland,http://www.clare.fm/
68,The Fashion Law,en,US,global,world,http://www.thefashionlaw.com/
680,Kuwait Times,en,KW,global,world,http://news.kuwaittimes.net/
681,DNA India,en,IN,global,world,http://www.dnaindia.com/
682,Shannonside,en,IE,national,ireland,http://shannonside.ie/
683,Salisbury Journal,en,GB,national,united kingdom,http://www.salisburyjournal.co.uk/
684,Kaieteur News,en,GY,national,guyana,http://www.kaieteurnewsonline.com/
685,Messenger Inquirer,en,KY,national,cayman islands,http://www.messenger-inquirer.com/
686,12 News,en,US,national,united states,http://www.12news.com/
687,Weekly Blitz,en,BG,global,world,http://www.weeklyblitz.net/
688,Guyana Chronicle,en,GY,national,guyana,http://guyanachronicle.com/
689,DCist,en,US,national,united states,http://dcist.com/
69,techcrunch,en,US,global,world,http://techcrunch.com/
690,Azernews,en,AZ,global,world,http://www.azernews.az/
691,Islamic Republic News Agency,en,IR,national,iran,http://www.irna.ir/en/
692,The Tico Times,en,CR,national,costa rica,http://www.ticotimes.net/
693,Vieuws,en,BE,regional,european union,http://www.vieuws.eu/
694,Lancaster Bee,en,US,national,united states,http://www.lancasterbee.com/
695,Uz Report,en,UZ,national,uzbekistan,http://uzreport.uz/
696,Daily Post,en,NG,national,nigeria,http://dailypost.ng/
697,Daily Star Lebanon,en,LB,global,world,http://www.dailystar.com.lb/
698,The Milli Gazette,en,IN,national,india,http://www.milligazette.com/
699,Latin America Herald Tribune,en,VE,regional,latin america,http://www.laht.com/index.asp
7,Associated Press,en,US,global,world,http://hosted.ap.org/
70,International Business Times US,en,US,global,world,http://www.ibtimes.com/
700,Emirates 24/7,en,AE,national,united arab emirates,http://www.emirates247.com/
701,Honolulu Star-Advertiser,en,US,national,united states,http://www.staradvertiser.com/
702,Mining News,en,AU,national,australia,http://www.miningnews.net/
703,The Palestine Chronicle,en,PS,national,palestine,http://www.palestinechronicle.com/
704,The Mindanao Examiner,en,PH,national,phillippines,http://mindanaoexaminer.com/
705,Asia Plus,en,TJ,national,tajikistan,http://news.tj/en
706,Wood Tv,en,US,national,united states,http://woodtv.com/
707,Tax News,en,GB,global,world,http://www.tax-news.com/
708,Lesotho Times,en,LS,national,lesotho,http://lestimes.com/
709,The Independent Uganda,en,UG,national,uganda,https://www.independent.co.ug/
71,International Business Times UK,en,GB,global,world,http://www.ibtimes.co.uk/
710,Yemen Times,en,YE,national,yemen,http://www.yementimes.com/
711,Spice Islander,en,GD,national,grenada,http://spiceislander.com/
712,First Post,en,IN,global,world,http://www.firstpost.com/
713,Pulse,en,NG,national,nigeria,http://pulse.ng/
714,Sport Fishing,en,US,national,united states,http://www.sportfishingmag.com/
715,Kent Online,en,GB,national,united kingdom,http://www.kentonline.co.uk/
716,The Messenger Online,en,GE,national,georgia,http://www.messenger.com.ge/
717,Haitian Truth,en,HT,national,haiti,http://www.haitian-truth.org/
718,World Fishing & Aquaculture,en,GB,global,world,http://www.worldfishing.net/
719,Hiawatha World Online,en,US,national,united states,http://www.hiawathaworldonline.com/
72,cnbc,en,US,global,world,http://www.cnbc.com/
720,Standard Times Press,en,SL,national,sierra leone,http://standardtimespress.org/
721,Granada Informer,en,GD,national,grenada,http://www.thegrenadainformer.com/
722,Seatrade Maritime News,en,GB,global,world,http://www.seatrade-maritime.com/
723,Knight News,en,US,national,united states,http://knightnews.com/
724,The Economic Times,en,IN,global,world,http://economictimes.indiatimes.com/
725,Europe's World,en,BE,regional,europe,http://europesworld.org/
726,The Post Lesotho,en,LS,national,lesotho,http://www.thepost.co.ls/
727,Republica Democratica de Timor-Leste,en,TL,national,east timor,http://timor-leste.gov.tl/
728,The Africa Report,en,FR,regional,africa,http://www.theafricareport.com/
729,The Nation,en,PK,national,pakistan,http://nation.com.pk/
73,Financial Times INTL,en,GB,global,world,http://www.ft.com/
730,Cameroon Online,en,CM,national,cameroon,http://www.cameroononline.org/
731,Sun Star,en,PH,national,phillippines,http://www.sunstar.com.ph/
732,Jamaica Information Service,en,JM,national,jamaica,http://jis.gov.jm/
733,BNO News,en,US,global,world,http://bnonews.com/
734,Rediff,en,IN,national,india,http://www.rediff.com/
735,Jeberti,en,ER,national,eritrea,http://www.jeberti.com/en/
736,St Lucia Star,en,LC,national,saint lucia,http://stluciastar.com/
737,The Daily,en,CZ,national,czech republic,http://www.thedaily.cz/
738,The Northern Echo,en,GB,national,united kingdom,http://www.thenorthernecho.co.uk/
739,The Korea Times,en,KR,global,world,http://www.koreatimes.co.kr/
74,Fast Company,en,US,national,usa,http://www.fastcompany.com/
740,The Dominican,en,DO,national,dominican republic,http://www.thedominican.net/
741,Bermuda Sun,en,BM,national,bermuda,http://www.bermudasun.org/
742,Minnesota Public Radio,en,US,national,united states,http://www.mprnews.org/
743,The Namibian,en,,national,namibia,http://www.namibian.com.na/
744,Oviation International,en,GH,global,world,http://ovationinternational.com/
745,WBTV,en,US,national,united states,http://www.wbtv.com/
746,The St Kitts and Nevis Observer,en,KN,national,saint kitts and nevis,http://www.thestkittsnevisobserver.com/
747,Sudan Vision Daily,en,SD,national,sudan,http://news.sudanvisiondaily.com/
748,INSEC Online,en,NP,national,nepal,http://inseconline.org/en/
749,Sunday World,en,IE,national,ireland,http://www.sundayworld.com/
75,The Toronto Star,en,CA,global,world,https://www.thestar.com/
750,Donegal Democrat,en,IE,national,ireland,http://www.donegaldemocrat.ie/
751,The Bahama Journal,en,BS,national,bahamas,http://jonesbahamas.com/
752,The Daily Star Bangladesh,en,BD,global,world,http://www.thedailystar.net/
753,World Nuclear News,en,GB,global,world,http://www.world-nuclear-news.org/
754,EU Inside,en,BG,regional,europe,http://www.euinside.eu/
755,World Maritime News,en,NL,global,world,http://worldmaritimenews.com/
756,Zambia Reports,en,ZM,national,zambia,https://zambiareports.com/
757,Pakistan Observer,en,PK,global,world,http://pakobserver.net/
758,The Diamond Loupe,en,NL,global,world,http://www.thediamondloupe.com/
759,Public Technology,en,GB,national,united kingdom,http://www.publictechnology.net/
76,France 24 (en),en,FR,global,world,http://www.france24.com/
760,The Cameroon Daily Journal,en,CM,national,cameroon,http://cameroonjournal.com/
761,24Tanzania,en,TZ,national,tanzania,http://24tanzania.com/
762,The Point,en,GM,national,gambia,http://thepoint.gm/
763,Swazi Observer,en,SZ,national,swaziland,http://www.observer.org.sz/
764,International Atomic Energy Agency,en,AT,global,world,https://www.iaea.org/
765,Tehran Times,en,IR,national,iran,http://tehrantimes.com/
766,eCanada Now,en,CA,national,canada,http://www.ecanadanow.com/
767,Air Transport World,en,US,global,world,http://atwonline.com/
768,The Leader,en,ES,national,spain,http://www.theleader.info/
769,The Railway Magazine,en,GB,national,united kingdom,http://www.railwaymagazine.co.uk/
77,SABC,en,ZA,global,world,http://www.sabc.co.za/
770,Tidal Today,en,IE,global,world,http://analysis.tidaltoday.com/
771,Electronics Components World,en,US,global,world,http://electronicscomponentsworld.com/
772,Colombo Page,en,LK,national,sri lanka,http://www.colombopage.com/
773,The Northern Miner,en,CA,global,world,http://www.northernminer.com/
774,Gurtong,en,SS,national,south sudan,http://www.gurtong.net/
775,Radio Tamazuj,en,SD,national,sudan,https://radiotamazuj.org/
776,Global Research,en,CA,global,world,http://www.globalresearch.ca/
777,Business Day,en,ZA,global,world,http://www.businesslive.co.za/
778,IMPEL (European Union Network for the Implementation and Enforcement of Environmental Law),en,BE,regional,europe,http://www.impel.eu/
779,Frontpage Magazine,en,US,national,united states,http://www.frontpagemag.com/
78,Punch,en,NG,global,world,http://www.punchng.com/
780,Sudan Tribune,en,SD,national,sudan,http://www.sudantribune.com/
781,Global Voices,en,NL,global,world,https://globalvoices.org/
782,Leinster Reader,en,IE,national,ireland,http://www.leinsterleader.ie/
783,Capital FM,en,KE,global,world,http://www.capitalfm.co.ke/
784,Lancaster Guardian,en,GB,national,united kingdom,http://www.lancasterguardian.co.uk/
785,Great Lakes Voice,en,RW,national,rwanda,http://greatlakesvoice.com/
786,NBC Radio,en,VC,national,saint vincent and the grenadines,http://www.nbcsvg.com/
787,Agence Kampuchea Presse,en,KH,national,cambodia,http://www.akp.gov.kh/
788,The Zimbabwean,en,ZW,national,zimbabwe,http://thezimbabwean.co/
789,News Day,en,ZW,national,zimbabwe,https://www.newsday.co.zw/
79,ABC au,en,AU,national,australia,http://www.abc.net.au/
790,Gulf Times,en,QA,national,qatar,http://www.gulf-times.com/
791,Vanguard News,en,NG,national,nigeria,http://www.vanguardngr.com/
792,Institute for Science and International Security,en,US,global,world,http://www.isis-online.org/
793,Mail and Guardian,en,ZA,global,world,http://mg.co.za/
794,Mining Engineering,en,US,global,world,http://me.smenet.org/
795,Asia One,en,SG,regional,asia,http://www.asiaone.com/
796,Havana Times,en,CU,national,cuba,http://www.havanatimes.org/
797,FARS News,en,IR,national,iran,http://en.farsnews.com/
798,Mizzima,en,MM,national,myanmar,http://www.mizzima.com/
799,Nippon News,en,JP,national,japan,http://www.nipponnews.net/
8,The Rio Times,en,BR,national,brazil,http://riotimesonline.com/
80,Irish Times,en,IE,global,world,http://www.irishtimes.com/
800,Public Radoin of Armenia,en,AM,national,armenia,http://www.armradio.am/
801,ARA News,en,SY,national,syria,http://aranews.net/
802,Japan Update,en,JP,national,japan,http://www.japanupdate.com/
803,The Herts Advertiser,en,GB,national,united kingdom,http://www.hertsad.co.uk/
804,Vietnam Net,en,VN,national,vietnam,http://english.vietnamnet.vn/
805,BD News24,en,BD,national,bangladesh,http://bdnews24.com/
806,Agencia EFE,en,ES,global,world,http://www.efe.com/efe/english/4
807,The Baltimore Sun,en,US,national,united states,http://www.baltimoresun.com/
808,Herald Argus,en,US,national,united states,http://www.heraldargus.com/
809,Mmegi Online,en,BW,national,botswana,http://www.mmegi.bw/
81,Business Standard,en,IN,global,world,http://www.business-standard.com/
810,The Northern Standard,en,IE,national,ireland,http://www.northernstandard.ie/
811,Tradewinds News,en,US,global,world,http://www.tradewindsnews.com/
812,The Nigerian Observer,en,NG,national,nigeria,http://nigerianobservernews.com/
813,Beta News,en,US,national,united states,https://betanews.com/
814,DISCOVER Magazine,en,us,global,world,http://discovermagazine.com/
815,Gizmodo,en,us,global,world,http://gizmodo.com/
816,io9,en,us,global,world,http://io9.gizmodo.com/
817,Mashable,en,us,global,world,http://mashable.com/
818,New York Post,en,us,global,world,http://nypost.com/
819,People Magazine,en,us,global,world,http://people.com/
82,Medecins sans frontieres,en,CH,global,world,http://www.msf.org/
820,Pitchfork,en,us,global,world,http://pitchfork.com/
821,Seed Magazine,en,us,global,world,http://seedmagazine.com/
822,Talking Points Memo,en,us,global,world,http://talkingpointsmemo.com/
823,Time Magazine,en,us,global,world,http://time.com/
824,Adweek,en,us,global,world,http://www.adweek.com/
825,Arizona Central,en,us,regional,"Arizona, USA",http://www.azcentral.com/
826,Bild,de,de,global,world,http://www.bild.de/
827,Billboard,en,us,global,world,http://www.billboard.com/
828,East Bay Times,en,us,global,world,http://www.eastbaytimes.com/
829,Empire Magazine,en,us,global,world,http://www.empireonline.com/
83,Reporters sans Frontieres,en,FR,global,world,https://rsf.org/
830,E! Magazine,en,us,global,world,http://www.eonline.com/
831,ESPN,en,us,global,world,http://www.espn.com/
832,Frankfurter Algemeine Zeitung,de,de,global,world,http://www.faz.net/
833,Fox News,en,us,global,world,http://www.foxnews.com/
834,Frankfurter Rundschau,de,de,local,"Frankfurt, DE",http://www.fr.de/
835,Detroit Free Press,en,us,local,"Detroit, USA",http://www.freep.com/
836,InStyle,en,us,global,world,http://www.instyle.co.uk/
837,Lifehacker,en,us,global,world,http://www.lifehacker.co.uk/
838,McKinsey Quarterly,en,us,global,world,http://www.mckinsey.com/
839,Mercury News,en,us,regional,"California, USA",http://www.mercurynews.com/
84,World Wildlife Fund,en,CH,global,world,http://www.worldwildlife.org/
840,The Mirror,uk,uk,global,world,http://www.mirror.co.uk/
841,MSNBC,en,us,global,world,http://www.msnbc.com/
842,MTV,en,us,global,world,http://www.mtv.com/
843,National Geographic,en,us,global,world,http://www.nationalgeographic.com/
844,Nielsen Wire,en,us,global,world,http://www.nielsen.com/
845,The Oregonian,en,us,global,world,http://www.oregonlive.com/
846,Philly Inquirer,en,us,local,"Philadelphia, USA",http://www.philly.com/
847,Rolling Stone,en,us,global,world,http://www.rollingstone.com/
848,San Diego The Union-Tribune,en,us,local,"San Diego, USA",http://www.sandiegouniontribune.com/
849,Science Channel,en,us,global,world,http://www.sciencechannel.com/
85,Oxfam,en,GB,global,world,https://www.oxfam.org/
850,SFGate,en,us,local,"San Francisco, USA",http://www.sfgate.com/
851,Social Media Today,en,us,global,world,http://www.socialmediatoday.com/
852,StarTribune,en,us,regional,"Minnesota, USA",http://www.startribune.com/
853,Stern,de,de,global,world,http://www.stern.de/
854,Taz,de,de,global,world,http://www.taz.de/
855,Tampa Bay Times,en,us,local,"Tampa, USA",http://www.tbo.com/
856,US Weekly,en,us,global,world,http://www.usmagazine.com/
857,Vanity Fair,en,us,global,world,http://www.vanityfair.com/
858,Die Zeit,de,de,global,world,http://www.zeit.de/
859,Ars Technica,en,us,global,world,https://arstechnica.com/
86,Friends of the Earth,en,NL,global,world,http://www.foei.org/
860,Harvard Business Review,en,us,global,world,https://hbr.org/
861,Dallas News,en,us,local,"Dallas, USA",https://www.dallasnews.com/
862,Engadget,en,us,global,world,https://www.engadget.com/
863,Fast Company,en,us,global,world,https://www.fastcompany.com/
864,Financial Times,en,us,global,world,https://www.ft.com/
865,New Scientist,en,us,global,world,https://www.newscientist.com/
866,New York Times,en,us,global,world,https://www.nytimes.com/
867,Science News,en,us,global,world,https://www.sciencenews.org/
868,The Sun,uk,uk,global,world,https://www.thesun.co.uk/
869,Times Magazine,en,us,global,world,https://www.thetimes.co.uk/
87,Amnesty International,en,GB,global,world,https://www.amnesty.org/
870,USA Today,en,us,global,world,https://www.usatoday.com/
871,World Economic Forum,en,us,global,world,https://www.weforum.org/
872,Die Welt,de,de,global,world,https://www.welt.de/
873,The White House,en,us,global,world,https://www.whitehouse.gov/
874,Wired,en,us,global,world,https://www.wired.com/
875,Wall Street Journal,en,us,global,world,https://www.wsj.com/
876,Yahoo! News,en,us,global,world,https://yahoo.com/
88,Global Environment Facility,en,US,global,world,https://www.thegef.org/
89,United Nations Environment Programme,en,KE,global,world,http://www.unep.org/
9,Al Jazeera (en),en,QA,global,world,http://www.aljazeera.com/
90,European Environment Agency,en,DK,global,world,http://www.eea.europa.eu/
91,Food and Agriculture Organization,en,IT,global,world,http://www.fao.org/
92,Unicef,en,US,global,world,http://www.unicef.org/
93,Transparency International,en,DE,global,world,http://www.transparency.org/
94,Conservation International,en,US,global,world,http://www.conservation.org/
95,EarthShare,en,US,global,world,http://www.earthshare.org/
96,The Nature Conservancy,en,US,global,world,http://www.nature.org/
97,Marine Stewardship Council,en,GB,global,world,https://www.msc.org/
98,Fairtrade International,en,DE,global,world,http://www.fairtrade.net/
99,Red Cross International,en,CH,global,world,https://www.icrc.org/
877,Axios,en,US,global,world,https://www.axios.com/
878,PanAm Post,en,US,regional,South America,https://panampost.com/
879,Ekathimerini,en,GR,national,Greece,http://www.ekathimerini.com/
880,Balkan Insight,en,RS,regional,Balkans,http://www.balkaninsight.com/
881,The New Arab,en,GB,regional,Arabic World,http://www.newarab.co.uk/
882,The Peninsula,ar,QA,national,Qatar,https://www.thepeninsulaqatar.com/
883,We Are The Mighty,en,US,global,world,http://www.wearethemighty.com/
884,The Spectator,en,GB,global,world,https://www.spectator.co.uk/
885,China Global Television Network,zh,CN,global,world,https://cgtn.com/
886,City A.M.,en,GB,local,"London, UK",http://www.cityam.com/
887,Der Bund,de,CH,national,Switzerland,http://www.derbund.ch/
888,The News Stack,en,US,global,world,https://thenewstack.io/
889,Xinhua Net,zh,CN,global,world,http://www.xinhuanet.com/english/
890,Pitchfork,en,US,world,global,https://pitchfork.com/
891,Al Shahid,en,UK,regional,Arabic World,https://alshahidwitness.com/
892,Middle East Eye,en,UK,regional,Arabic World,http://www.middleeasteye.net/
893,Yekaterininburg Times,en,RU,regional,Ural, Russia,https://yekaterinburgtimes.com/
